Feed Flowrate (m3/h),Feed TDS (ppm),Feed Salinity (g/L),Feed Temperature (Â°C),Permeate Flowrate (m3/h),Permeate TDS (ppm),Recovery (%),Flux (LMH),Pressure Drop (bar)
68.72700594236812,788.7131998138216,0.7887131998138216,13.702658576772393,51.938684644910445,16.77675576811577,75.57245355408654,27.412783831594545,3.690811976835592
97.53571532049581,675.2674564408842,0.6752674564408842,20.838018947567164,72.54263335326772,16.11404595823999,74.37545632889193,26.467916919820766,4.186725588765489
86.59969709057026,516.6693314004294,0.5166693314004295,27.458916717528165,52.625996793826296,45.78145612344665,60.769261974193064,23.602934271833597,2.001871595169996
79.93292420985183,869.656513794864,0.8696565137948641,24.644497728191226,56.14283554863653,16.229578993227776,70.23743482878469,29.340707154178997,3.4994963984279956
57.80093202212183,779.3118207877155,0.7793118207877155,26.131222957228996,41.27325754823806,17.237737675788395,71.40586856357571,18.00711773292604,3.2869839325749948
57.79972601681013,413.8318575414239,0.41383185754142393,23.175667334214346,41.59538984961703,39.17292180880837,71.96468342690702,16.638963154644323,4.331321507153085
52.90418060840997,937.6490291456897,0.9376490291456897,23.84553129035705,40.95057150672955,25.2382929102743,77.40517107681997,27.809429504331334,4.624348241925042
93.30880728874675,875.7760700462183,0.8757760700462183,26.983913031306386,70.92222953364488,39.95197506298315,76.00807640180635,21.587247249506223,1.0486270859095472
80.05575058716045,964.8599393043469,0.9648599393043469,14.99336017718372,62.63333989909726,7.941477090397336,78.23715278380334,27.704532813105907,3.6960796762351706
85.40362888980228,808.0036558718521,0.8080036558718521,19.788499272862808,70.839319197711,26.940703715302295,82.94649784626384,28.396353077931224,1.207343196478916
51.029224714790125,729.3906371550529,0.7293906371550529,14.424188836392045,43.063344414133034,6.512612008247718,84.38957216148282,15.93686390428607,3.1954346603094237
98.49549260809971,592.7701254034332,0.5927701254034332,29.75336015993294,80.31686140871157,7.819394155490953,81.54369228679484,28.25197144479091,2.150530916174713
91.62213204002109,952.9099383478093,0.9529099383478093,28.881186793732265,81.23741469545824,45.78968540049849,88.66571087864803,21.724785830541332,2.227106398088565
60.61695553391381,906.2447226502859,0.9062447226502859,10.788536227370118,36.70173441635671,11.266041700291783,60.54697748029084,22.65648733506348,2.4118340138094263
59.09124836035503,331.65306907433256,0.33165306907433256,24.11150345031377,38.92537868886796,28.95893070238477,65.87333957050639,24.398887666398153,3.4851697961984405
59.17022549267169,318.4568821480764,0.3184568821480764,28.504966348313317,35.636384400951876,23.499302117031796,60.22688624934426,28.895739100951303,2.336199862675077
65.21211214797688,563.5243568146348,0.5635243568146348,13.61150690254667,51.7942253905149,20.63044968164792,79.42424142463808,15.28674141644646,3.9307962023611216
76.2378215816119,867.387331547283,0.867387331547283,21.358904611052587,66.28186077867296,45.49250055592726,86.94091646849961,22.152652024767256,2.6181095422954788
71.5972509321058,991.0932905204611,0.9910932905204611,28.309765951760838,48.18814948491309,5.982052854897027,67.30446889728898,25.315830636458408,1.2734128012398345
64.5614570099021,405.29182377246974,0.40529182377246975,10.678919571715976,56.69208447910954,34.87053587790151,87.8110363438892,25.840604365473425,4.135039369936429
80.59264473611897,715.8915007464946,0.7158915007464945,23.9484053449368,49.81271935410526,48.35274953960977,61.80802170868682,25.38798647305662,2.143033298370824
56.97469303260209,566.623599641715,0.566623599641715,15.946980147451015,50.15657755531581,30.20756825578289,88.03308080416544,17.01652694112183,2.7310675183970505
64.6072324267609,978.9400784702223,0.9789400784702222,28.487923907530607,45.57955006036053,47.157010791489135,70.54868061718904,19.49093382557522,3.741775532887606
68.31809216468459,889.4832461949961,0.8894832461949961,29.421164903307357,43.069518550434424,7.351604567871069,63.04262485347649,20.380732881255202,2.329824628594848
72.8034992108518,886.8300932977965,0.8868300932977965,28.885329782268677,54.29404879746013,23.845699358337264,74.57615277558976,27.066558115192574,1.2263426245868625
89.25879806965068,628.0852118564792,0.6280852118564791,19.484284333149276,60.43114918394525,16.707100593292303,67.70329703161524,19.181398086218294,2.4956841880512544
59.98368910791799,590.3736516363656,0.5903736516363656,27.240853019786268,41.11653174071711,37.88694342413284,68.54618705885768,18.160574458008046,4.777794330777214
75.71172192068059,491.38495035149435,0.4913849503514944,26.890987970701406,52.40666886446276,49.158369072376104,69.2186989477886,29.361720285571444,3.5669375891942328
79.62072844310212,339.462847655649,0.339462847655649,16.382009464865114,66.95368914909511,16.54385280999115,84.09077693497991,15.132949276702034,3.6859165946688277
52.32252063599989,905.3056633785372,0.9053056633785372,26.57830948301355,39.85659548909185,34.43785706633335,76.17483830025765,29.967312835229674,3.5291286145505594
80.37724259507192,869.0307063910543,0.8690307063910543,10.740152694309852,55.732961894075885,13.914393474188305,69.3392309746801,25.152319482860932,1.7959685558377472
58.526206184364575,999.8023713002914,0.9998023713002914,21.92539756964106,45.83187996362018,30.439861455722447,78.31001349932755,27.427039491736757,2.6733354564091205
53.25257964926398,997.6457859517337,0.9976457859517337,14.60017674575406,43.3926090355418,25.87696190097513,81.4845202266958,19.4192909451929,4.0037591934532735
97.44427686266667,688.8021939218393,0.6888021939218393,12.411337715545576,66.4362606996659,48.74023983341917,68.17872002200602,15.214729165005899,1.4054915902126366
98.28160165372796,838.2911906263573,0.8382911906263574,11.539064032584182,71.16224141034829,32.383727271340994,72.40647304576055,26.06804277842295,2.111411104358849
90.41986740582306,961.3360109176996,0.9613360109176996,23.925775517562794,57.558197762936004,20.727786743906847,63.65658280010843,27.512168955010136,2.1052764338634145
65.23068845866854,894.753173474188,0.8947531734741879,16.797499275361325,42.68336211039728,10.134310319957002,65.43448048604041,26.10714197930279,2.728075710378024
54.883605700319194,473.1436712202384,0.47314367122023837,24.49533543057523,44.14482453993003,11.806107293072056,80.43353561894948,17.14275430951258,4.92147496376874
84.21165132560785,615.3808947170655,0.6153808947170656,11.307126815978847,55.11075765733627,15.13926184780558,65.44315043086881,26.301418833854534,1.2700101867352878
72.00762468698007,390.4115906060465,0.3904115906060465,16.305806756612206,54.549305161320696,16.29349976031341,75.7549015100118,26.533841731614615,3.07480397752238
56.10191174223894,967.8357190811057,0.9678357190811057,20.789825847506744,45.59480228423828,43.2777226028512,81.27138785167298,24.878107735050826,1.7174587280488418
74.75884550556351,724.3222441156161,0.7243222441156161,25.814463296779273,47.25230591786309,30.255025472713623,63.20630769284231,26.491738991933794,4.8827061816389765
51.71942605576092,460.0499638524239,0.4600499638524239,16.3750500586414,39.833974351544555,28.55259101184649,77.01936658886711,27.688821595165983,1.4532140189098568
95.4660201039391,770.1904790840997,0.7701904790840997,22.51782752874018,64.62752042239055,10.164599234114785,67.69688351104091,24.204061713561877,2.614404009446365
62.93899908000085,732.689768320527,0.732689768320527,27.71955496472374,55.94509556240635,43.70628620072458,88.8878062571274,16.329070709545185,3.9515399393384247
83.1261142176991,550.7139026229884,0.5507139026229884,22.31726376364609,61.93424972823295,37.526643644381764,74.50636940159774,22.314417145008164,3.818217712109781
65.58555380447055,379.4903145397403,0.3794903145397403,14.659189495072676,55.20977260446664,8.045076285500071,84.17977649325475,16.164740020074078,2.690914547575729
76.00340105889055,770.1012369149597,0.7701012369149597,10.48801563113076,58.147767202359006,36.85257937533959,76.50679626468786,21.11314546548646,2.386096671810873
77.33551396716399,664.2153906326553,0.6642153906326552,27.401977478018598,47.408507542581546,29.459219780419073,61.302375985644574,21.106597336884413,2.5904495142114823
59.24272277627635,840.6228742149475,0.8406228742149475,10.425388217007743,46.79851709168622,8.677640558605022,78.99454126782068,15.990147662103624,2.057105052634557
98.47923138822793,664.1144507783954,0.6641144507783954,27.49403345368399,87.19557979714759,25.623528868789542,88.54210026619971,20.23230800954219,1.8213317548271992
88.75664116805572,896.5270502229781,0.8965270502229781,20.578742680544238,69.27309803379008,26.811332920852113,78.04835460438994,16.664971481869724,2.93215879023556
96.97494707820945,686.3347871421399,0.6863347871421399,28.781353970257925,82.0172071339172,12.45985430734741,84.57566578280371,27.123528150138334,2.0741350242704293
94.74136752138244,692.6565800747703,0.6926565800747703,25.975664715473307,81.97609936549145,47.55641661501271,86.52619390045223,29.21532038946706,2.1498466595890005
79.89499894055426,913.6575218608415,0.9136575218608415,29.95868221066675,53.4037293057991,43.248891716629785,66.84239315846797,16.08474712886908,3.6270242538982282
96.09371175115584,582.4380063486778,0.5824380063486778,17.014236309034203,63.76907976803184,35.10600517980987,66.3613451972468,29.326728109375523,4.874149326799569
54.424625102595975,393.8106599154485,0.3938106599154485,25.34376577862254,42.63049844046616,25.803300245027323,78.32942966552974,22.838648990051176,3.4145488022375003
59.79914312095726,320.14787341933726,0.32014787341933726,18.03861827218484,43.25323096040212,23.52944937130288,72.33085409420114,19.49348516930811,1.3079178682598651
52.2613644455269,828.5960789715333,0.8285960789715333,19.597512406078177,44.524507957159955,34.29380602179294,85.19583908600161,16.152931129142452,1.302334455416268
66.26651653816322,734.2166859474253,0.7342166859474253,22.5501092643674,57.65232908031302,29.544434123310747,87.00069370194034,22.509364021056268,4.805692883382264
69.4338644844741,792.8558376694565,0.7928558376694564,27.473542283726776,49.02214233761072,7.802289764684852,70.60264137908155,26.91773316736123,2.1891631612293345
63.567451588694794,449.0749130562375,0.4490749130562375,29.681669383985902,42.65764829033611,28.062619194664926,67.10611676923446,25.606297159000473,1.3682679443299017
91.43687545759647,395.46003291073885,0.39546003291073883,25.365468277290365,76.27276957320669,41.28816277547778,83.41576545731587,15.753390171959607,3.3961783486015262
67.83766633467947,310.18126596751733,0.31018126596751733,18.355335643346677,46.295259844688836,25.665794491863114,68.24418106644407,16.093527530518553,3.4945951131610644
64.04672548436903,545.4112911646179,0.5454112911646178,18.427140045541403,54.23376132182848,7.338045989942079,84.67842955541035,21.043099239489557,3.5940192804747526
77.13480415791243,712.9423807982432,0.7129423807982432,24.75164603177783,56.086372657571395,40.38251897228149,72.71214760946289,19.42935741071915,2.069608111430165
57.04621124873813,574.5708315698126,0.5745708315698126,14.775542915366046,45.65208452145941,14.061370196118848,80.02649697874412,18.485764845840716,1.0604427368579001
90.10984903770199,606.2324454166103,0.6062324454166103,12.209482262627894,56.64851123484462,16.637937569961743,62.86605941504004,19.215067483630705,4.860061477817887
53.727532183988544,932.9110861456239,0.9329110861456239,17.09244315281553,42.2920458938457,12.411785904453314,78.7157797402972,27.05224114945327,2.00357218276441
99.34434683002587,543.7788269163102,0.5437788269163102,15.744779833081635,73.07077758693562,19.85967791921739,73.55303036211687,28.938420804477808,3.70410515221019
88.61223846483287,659.7926424118675,0.6597926424118675,15.9261624091198,68.761549786218,39.053817755988575,77.59825389526422,21.076540417913495,3.8265194795148383
59.93578407670862,848.5571089188002,0.8485571089188002,14.672155020998199,38.9824894291898,28.372363677677182,65.04042623234592,28.591665031987453,3.4400296683179428
50.27610585618012,577.5799476248891,0.5775799476248891,10.841863792727239,41.27980623474415,14.219657336782065,82.10621234832547,19.82243551871823,2.251629576854593
90.77307142274171,735.4606901595114,0.7354606901595114,10.357478694668277,77.95946507659433,44.502353516841836,85.88391232629688,22.146554795156874,2.084385015056263
85.34286719238085,903.6545961227216,0.9036545961227216,29.75444779472063,56.754879107763585,44.581183472818815,66.50219400272327,18.390434967239997,3.3906731308108125
86.45035840204937,964.6644365603495,0.9646644365603495,18.555462674717248,54.35258232993287,44.17602912707031,62.871436665604854,24.60714063263766,4.4643825344467665
88.56351733429729,402.95143665032657,0.40295143665032657,17.686532943193633,53.76616529810027,15.745829512169268,60.709157581390095,29.68471672762213,4.786934915693582
53.70223258670452,948.6113376130461,0.9486113376130461,23.5929456538614,42.563930401274696,25.305770488144464,79.25914501329798,24.052396440650682,1.4236232176150305
67.92328642721363,644.4814051556767,0.6444814051556768,14.365077757301282,53.124718486781596,49.32453452633938,78.21282108266342,20.367211261703233,1.6193144503908794
55.79345297625649,480.77107180927084,0.4807710718092708,28.99922367900451,42.62671270230496,39.740561433949566,76.40092238142209,24.717261689857928,4.778945035132319
93.15517129377967,621.3950293667829,0.6213950293667828,25.726900288311043,62.37522421720134,6.222533955150192,66.95841288347926,16.843810176980814,3.9461409133391703
81.1649063413779,986.022802699834,0.986022802699834,11.78822004624519,58.21729836861298,7.934206606722142,71.72717987716544,28.32988620398098,4.531975299319092
66.54490124263246,644.8326657950088,0.6448326657950088,18.35161551569857,51.79475145039327,25.876911956554974,77.8342900555852,22.546259261697546,1.8105305365413726
53.177917514301186,530.1261272012557,0.5301261272012557,27.582366151243292,39.831858621856135,45.914909263770205,74.90300576577509,21.74024613059463,3.3503434844376074
65.54911608578311,743.380598021708,0.743380598021708,28.894640445828205,58.75400997119626,29.24158090787214,89.63356560644662,23.78797182680279,3.8045583776698946
66.25916610133736,468.10193314473514,0.46810193314473514,19.348030224997395,42.467614929047,27.40156286154306,64.093192576702,24.371757941841036,3.7204475417878906
86.4803089169032,353.10432967606476,0.35310432967606475,22.268227784214154,69.92308008292356,9.746316498048376,80.85433662142782,16.076637093397697,2.6326067634667925
81.87787356776066,390.21580533745447,0.3902158053374545,13.340678921841505,59.05815243343119,34.555104712593234,72.12956304312877,25.239258318351034,1.061579566765234
94.36063712881634,389.6320872704407,0.3896320872704407,29.823372522739533,68.73793882209824,41.99464222701015,72.84598844776843,18.628975204732946,3.3317042272170525
73.61074625809746,406.33188545860605,0.40633188545860605,14.633434027668867,60.01331986783099,22.118900337840305,81.5279329697453,25.709289487598845,2.012406156718435
55.97971229691508,397.17902085458707,0.39717902085458706,28.854635482702513,45.21654033868546,39.902533291639735,80.7730845397311,27.33802191576295,2.8010169845715613
85.66223936114974,748.6123213622502,0.7486123213622502,22.992932979847367,76.87130607689721,48.40144942553652,89.73767981106565,27.059377613287804,4.830324060335269
88.03925243084487,427.3160590794014,0.4273160590794014,22.154735897577183,56.21467263648613,14.169490660746009,63.85182868362376,23.28751451111834,2.596141270569739
78.06385987847482,541.9670983267042,0.5419670983267042,20.25377022033017,49.2764762515417,28.54983340376336,63.12328948152499,22.802548384661268,4.359206426657707
88.54835899772806,927.7518869342083,0.9277518869342083,14.613396234355173,72.37071948316847,17.9212081138059,81.73016451386223,17.143139420091174,1.7541624229970045
74.68977981821953,631.7731481840107,0.6317731481840106,13.530560640110165,57.77374533521598,40.67844885652277,77.35160751019228,26.63019225604703,3.6898419921001153
76.1366414690997,767.290416964719,0.767290416964719,14.409724181403508,51.944086593897815,30.99170146465209,68.22481999679417,19.071140706700717,4.908027817755774
71.37705091792748,420.62390984114086,0.42062390984114084,13.72876524288509,44.52684665401546,33.55620878976367,62.3825810696696,22.450431342269198,1.4075724034917472
51.27095633720476,434.6023131660695,0.4346023131660695,25.591689471335066,32.08010791481685,40.906137182715234,62.569747487892926,19.26411139391275,1.033279768908768
55.39457134966522,328.60803138653523,0.3286080313865352,17.002505183334602,48.09673887183945,22.81867126981047,86.82572623992355,17.0074254449954,2.7343311705304574
51.57145928433671,418.2545441505152,0.41825454415051516,11.156853531267927,33.91133894802021,46.17905307831695,65.7560197415623,24.443365453376046,1.3705019322054688
81.82052056318902,495.013237322371,0.495013237322371,29.382052602816227,57.02984120220047,28.9862990260763,69.70114686346562,15.814980522343557,3.9935373987049254
65.71779905381634,423.90733899372276,0.42390733899372274,27.675717699268514,43.89928740103405,12.10796702759066,66.79969206680964,26.229678511893,4.658194655394236
75.42853455823514,362.0917736299389,0.36209177362993894,28.55504566390426,53.29017607168811,36.315460317596106,70.64988917495812,19.76380192891675,2.7360838908350353
95.37832369630465,384.4451097704206,0.38444510977042057,29.898156452928706,59.213453141486255,40.69676076972145,62.08271528238279,15.00202039506728,2.034846568621764
62.464611457443745,622.545137622908,0.622545137622908,13.477904984389745,47.20562732314638,19.2542754680387,75.57179372724812,22.66693708855845,2.737613276026439
70.51914615178148,444.4336028840547,0.4444336028840547,17.924840378053176,43.741881767165694,43.573066564943886,62.02837690776645,15.702778627914046,3.893791271400004
87.77755692715243,554.9889027336528,0.5549889027336529,25.164769514081826,73.74253583450974,45.77644646445949,84.01069523467085,19.142543367313493,1.036216646321484
61.43990827458112,652.3920895983998,0.6523920895983998,23.920412361075844,41.171719627320186,17.460701932001403,67.01136245731298,25.60464731183574,3.3578159579387887
53.84899549143965,783.2763800405558,0.7832763800405558,13.077918126797101,41.03312704132239,49.25846627218499,76.20035743813533,15.940344324327988,3.4531667395495163
64.4875726456884,327.5184978887693,0.3275184978887693,26.316662499812356,55.718792815334254,11.332018762194128,86.40237262684374,27.590077385340035,3.550752987583742
58.06106436270022,859.5872792363299,0.8595872792363299,14.488811436733213,46.173828462562376,14.090705078112048,79.52632107141584,15.057298839878747,1.9680883199235089
96.48488261712865,739.5302726436355,0.7395302726436355,14.476352296452461,73.31764041286428,13.290117765711177,75.98873359654006,18.702358038028535,3.856210893512507
90.40601897822086,357.2313223642103,0.3572313223642103,20.73948845786827,63.04012841876038,45.229536950354166,69.73001259346127,26.11356084228107,1.3655659453271056
81.67018782552117,911.5050368747441,0.911505036874744,21.858798696834064,57.16101133102897,34.443164854623284,69.99005739174594,19.744052245939603,1.7970813458672033
93.57302950938589,944.6106803722693,0.9446106803722693,21.601724156756223,74.93759449010429,11.84469274500228,80.08460865594571,16.528385820990202,4.509880186617927
90.18360384495573,342.7545718984046,0.3427545718984046,11.829736747955097,81.00668340268757,24.814553826575704,89.82418083663502,20.40350878200642,3.9548926029062654
59.32850294430179,493.81435370304257,0.49381435370304255,27.54921725260761,47.376880263671026,32.68841112814109,79.85517569548136,19.055899295767883,1.054982216045381
94.62794992449889,864.3408958551429,0.8643408958551428,15.31200085177412,72.61134034098131,8.755883824522249,76.73350252110075,27.640678532408323,1.9935050414792008
76.96711209578254,823.7817832685608,0.8237817832685609,12.590298425656083,63.05108517479695,44.708736578330246,81.91951530717738,19.700218763777148,1.8576259319726582
90.37200775820313,429.1647135494641,0.4291647135494641,27.774961597379544,66.83567421566102,41.16215909486908,73.95616836851154,26.833987076640106,2.0832253121478903
94.80456499617466,446.54452633569724,0.44654452633569724,29.113029964595068,58.5932695861403,27.73430481094872,61.80427027802355,28.378082172161022,1.9902390811195456
65.90017374859319,559.3304719539674,0.5593304719539673,27.24255234530901,50.656741608546405,48.52069768666267,76.86890447633729,21.507261293647943,1.250105182971383
55.50259622638384,639.1660896337149,0.6391660896337149,26.19032149449756,49.246764586453715,23.799244067379487,88.72875853516139,28.649147157815882,2.8357620663872813
61.39675812709709,732.7783400712071,0.7327783400712071,23.104839612780435,40.06696458152876,49.284964356642405,65.25908827072979,20.659770809447892,3.9309338991446605
71.35538943131282,558.2395476988406,0.5582395476988407,21.017147412182787,57.58390396699341,35.05639994616322,80.70014672461997,29.461176247351624,3.4269268988697457
90.90073829612466,623.7743012932035,0.6237743012932035,11.739735198228203,60.019949171976364,33.560207296427365,66.0280106597717,16.339342867883595,3.691486674392319
93.03652916281717,823.2296566936295,0.8232296566936296,18.169064261413972,70.77738189550769,12.467970288310326,76.07483053419243,25.305288997548644,1.3245967141449566
50.34760652655954,325.67824202341853,0.32567824202341855,17.45377034024628,31.668792270095054,44.68674912370898,62.900293489401584,22.40721060685393,4.805962840707149
75.53736512887829,476.7058610408145,0.4767058610408145,15.195075675206525,55.52836923399777,24.237035956427682,73.51112808774556,20.814732081834705,4.353967335372099
70.87055015743894,799.3447101191866,0.7993447101191866,24.468402273771698,58.59924343276933,12.30050326021157,82.68489986685739,24.490678181229015,4.22036127398265
61.105390523536514,926.6447863810396,0.9266447863810395,19.917514701575417,43.03478243116706,5.567338398909157,70.42714572716946,25.55785637451497,4.29193522016707
55.99326836668414,658.1742094809663,0.6581742094809663,11.620924318152959,44.76513520882075,30.189005763727216,79.94735173461655,15.065449044754637,4.730842032531045
66.8807585701814,672.479439685721,0.672479439685721,14.403664038996226,56.08854417678028,28.732982995520434,83.86349882369187,17.504296331207982,3.177015864454791
97.14548519562595,375.02040793784323,0.37502040793784325,23.66517527319192,85.30863285816174,37.370913006612135,87.81533458438358,25.695690759514783,1.8011280714705036
66.16014660103777,613.1886567764183,0.6131886567764183,11.522617189806004,44.353274320921514,45.0616123858011,67.0392624556636,24.995781203673097,3.4671344314101646
75.9395310871683,672.8320865185162,0.6728320865185162,27.024138280975375,54.66087767296159,8.573296308936328,71.97947747427924,29.490712576930157,3.971525974671756
85.15094794475888,469.72935254431076,0.46972935254431075,19.902930540279485,54.98407917196915,37.917342065316305,64.57248039991252,26.415566853761746,3.9516695734161016
68.1814801189647,488.4702616645667,0.4884702616645667,19.61173154653296,61.20958632262234,13.4335374843912,89.77450506475127,29.26159061597007,3.0857960966675204
98.58910413604804,564.0989141732359,0.5640989141732359,21.84815569319035,86.57112096990052,43.61796739207238,87.81002903772885,25.538107523022106,1.2738348773343122
98.12236474710556,314.04983844440846,0.3140498384444085,26.493619318502983,74.76797999382018,41.85785812377453,76.19871390841678,19.47078312959165,2.4844517537205113
62.58911479126821,525.4554159082248,0.5254554159082249,16.95618415804386,53.36410443069959,29.335718974349497,85.26099883129264,16.58047383376285,4.68306643385343
74.86242529461927,448.0136048975812,0.44801360489758124,23.56032305118127,56.617508473320825,36.960925938049016,75.62873931816127,26.72735795017403,3.337795639029704
65.04391549083849,529.2481465245403,0.5292481465245403,21.314639279915824,51.19448573202745,19.145755093268676,78.70757064008279,24.66223832213874,3.1533277730228537
64.24202471887338,383.8334922734758,0.38383349227347585,15.340565403388426,40.26287502263984,26.202555451976657,62.6737329634805,15.722790185899443,2.075414057528774
51.84434736772664,923.3690965179264,0.9233690965179264,27.57259972710316,42.85355903167763,41.973660396971226,82.65811261490424,20.400756988514676,2.4737956796663156
80.47821669899484,715.5147174878341,0.7155147174878341,25.94852043213856,51.37037604281089,25.666933872794626,63.831404509057045,29.351997232264292,4.581384356612677
75.13395116144308,775.3716234011426,0.7753716234011426,23.169036693168508,63.7000881930986,21.10092193964488,84.78202890757586,22.50601718565302,3.665852190107343
52.57393756249947,852.4198670251368,0.8524198670251368,27.011634581884838,43.8786512934908,27.239560126263495,83.46084263011157,21.49093704029557,4.149548107009331
63.93232321183057,648.9095392503401,0.6489095392503401,27.34588401919605,51.95290245433089,42.271216359674824,81.2623409322893,21.86549407738941,2.8173816922706205
95.41329429833269,360.84420166119656,0.3608442016611966,24.167259534300698,58.283030887684255,20.084362131689275,61.084811415742855,18.133240860077457,3.5209888778246317
61.978094533348624,675.9745792729834,0.6759745792729834,26.74026656727344,42.823052090164616,12.81927169110847,69.09385067835986,20.53060756297193,1.9935344349728301
57.24474360456115,710.7887826146155,0.7107887826146154,23.949429233385672,38.8653896438417,37.040630914885135,67.89337709732528,20.54719883980765,3.821843321133945
74.47263801387815,821.807631929031,0.8218076319290311,23.602815435206008,52.729675301100386,42.16901957186368,70.80409222414558,15.785325302812087,2.710405334813349
99.28252270553003,602.1616823607756,0.6021616823607756,22.372227564303685,62.17993152198476,9.528686533559,62.62928240291515,26.513514427768776,2.7701820592589823
62.10276357557502,389.30621195689463,0.38930621195689463,25.054332791152824,54.71795919454007,15.794335074017512,88.10873469093188,21.247566478558184,3.5972892983075266
83.60677737029393,498.6431340591071,0.49864313405910715,13.172102105861473,64.05455261609923,11.388739539244725,76.6140672213713,27.33269830224635,4.745122485875706
88.08098076643589,554.1576074790446,0.5541576074790446,27.61741518397857,60.92185273908592,20.657363521197496,69.1657293197407,27.755220016798432,1.2560253864344837
61.881877199619986,752.1420689321209,0.7521420689321209,27.43687055490464,44.49891476680489,25.26579405074357,71.9094455122285,18.179910820479872,4.29897294938803
86.41081743059297,699.5448132682384,0.6995448132682384,10.584945660691183,63.439431582974,38.69718516334879,73.41607621514508,24.86030223255193,2.1695324416487725
68.38915663596266,549.2677081284924,0.5492677081284923,26.516335011295254,53.35573596323885,34.30164131967534,78.01783000081852,22.084227062444725,2.7756778180255113
81.61529152967897,990.5606741550857,0.9905606741550858,12.577397349468903,61.59537296599969,32.9417855365294,75.47038283089493,28.202351068822274,1.0876533151000358
81.67648553804473,724.0423735498209,0.7240423735498209,16.70237708518284,71.53370288403937,20.856872597434446,87.58175919643253,18.236110187646812,2.204184311337252
76.78873420373793,466.05875421519613,0.46605875421519616,24.870165125832155,57.52159956158866,42.8651398888142,74.90890448717491,25.167198004650665,3.010524970520522
54.51448850272041,371.2477308342826,0.3712477308342826,13.215197920966164,48.93478910922246,26.207922532917404,89.76474044469937,24.116281833790836,1.224704309389756
91.7651247794619,407.0013974290324,0.4070013974290324,26.359340482381242,78.49841011402518,49.059722210681954,85.54274873235286,19.42952216357749,2.9643829175326606
66.0390032485868,472.1704098691557,0.4721704098691557,26.64268355915484,43.75434990965466,33.53639622330816,66.25531543072007,17.04901355476759,4.70844251543371
59.32592551999271,412.476961281689,0.412476961281689,20.149354675216724,52.15808202996361,10.681913370402622,87.91785643931749,24.774596407159148,1.4215728724312209
52.0387570777382,430.59691683591404,0.43059691683591406,10.127717434336672,33.03992306011503,35.42799029339453,63.49099193656428,26.07896187198496,4.057762912302017
79.5446471594121,499.566618085693,0.49956661808569297,15.740762663498256,67.2339128853961,19.629680694426455,84.52349125473575,19.73441015645025,2.6386842135039705
83.87821809211411,421.36151670632836,0.4213615167063284,22.338538367514843,59.904731941618664,35.88472385087438,71.41869880429739,24.672489060334705,3.620694858097352
50.829391446392805,927.7357972384976,0.9277357972384976,29.62372356054847,43.88570499197063,8.133851667308258,86.33922961335209,20.92696361417255,2.0409463919409174
75.60465291496405,356.1636219631495,0.35616362196314955,22.636270540333367,65.05152917880432,12.869664672918173,86.04170070322351,25.698103249239267,1.6379690501654331
61.3247887598969,667.1579726991783,0.6671579726991783,15.196071621283195,51.62183473147269,43.50817665076038,84.17776200352863,17.988229123410797,1.6418504570849057
82.25863952047249,587.2777788927631,0.5872777788927631,22.680114061992228,68.85123237339873,15.22308006605817,83.70091308921182,28.353225039542615,1.2819677825725786
58.718321450249576,987.6650318360245,0.9876650318360245,20.79970759431711,40.59806715877296,42.6668506359323,69.14037417294122,19.311143946983698,1.742586819604972
84.5468869051233,378.42723151763664,0.37842723151763663,25.596907903022874,52.78057418484734,17.567423980448467,62.42757849153756,20.516789816342293,3.656877539955873
69.33676731502686,578.4989193320191,0.5784989193320191,12.139612776539169,49.98446325529849,33.92968595264185,72.08940536295484,15.871379281205247,4.526762447374033
96.83649943683673,978.6293032927582,0.9786293032927582,25.22055805004056,63.14295164143256,36.236775807942394,65.20573544959525,16.672683184819146,4.256502742364647
56.87604720729966,905.8549881257862,0.9058549881257862,20.825331573522206,45.983449606134016,28.06946389152738,80.84853266707385,22.737928540684923,3.7405372394979364
67.05331755251292,871.950449664496,0.871950449664496,29.25984007717989,47.19413099202056,18.73898045135291,70.38299179613357,19.013890150919572,1.4417274536444107
55.67367606202946,480.53197893145784,0.4805319789314578,16.837443320773723,49.6989475228636,14.568996936699325,89.26830602579746,27.532203386132913,2.1567497851837993
96.23468091392814,419.6213111730461,0.4196213111730461,22.652437862678962,76.2459315497766,6.4935209553091795,79.22916232035998,15.220400829824307,2.239227501289876
93.86696766904905,768.0502539471017,0.7680502539471017,28.64056211020035,79.48130754395578,18.677588055832572,84.67441690903085,20.686410730079043,1.999827785590485
62.89708138575778,950.5631923893101,0.9505631923893101,12.050194559813585,40.23887336957415,34.39232557390774,63.97574018225545,20.06018320153639,3.0600226388388925
82.99920230170895,689.7340251097509,0.6897340251097509,28.744569744729024,71.26347570136986,47.22371683018172,85.86043446817867,15.289914463764015,3.1422152595186903
90.8611100100608,700.1288826289299,0.7001288826289299,23.757714446016266,79.66948878598012,44.20420170183734,87.68271571540183,16.865525985007654,2.427543900684441
77.76004057997312,495.9853655621989,0.4959853655621989,11.356741182103438,58.01821071967988,39.472914944088615,74.61185756456807,21.20464012377953,2.415156634945744
76.48252891780032,838.6450532343558,0.8386450532343558,16.019271338936324,59.799844703592356,40.48013044639844,78.18758813252933,22.3929687667117,4.314222391624325
62.092614545022585,430.9306239902663,0.4309306239902663,24.16344177290563,51.5022807773311,34.92432065641979,82.94429402708987,21.064346208823036,4.157171393278743
54.65513839029496,526.5754654829706,0.5265754654829705,11.347012029375435,35.65983184484309,16.712908590470136,65.24515881781238,22.964065176181407,2.2311833267229826
94.86078789766634,597.8055070314917,0.5978055070314917,21.643409203525465,71.2186169337881,45.82377638176234,75.07698229390327,23.926975123585223,4.655153775493037
95.02090285816652,655.3272650791184,0.6553272650791184,16.917661139059135,68.37693796542857,35.182954035762535,71.9598908331694,15.148857316917535,4.811260068010024
81.65507286366339,469.68681269055617,0.4696868126905562,22.41831035534954,52.578697416804154,30.219828394119798,64.39121976486747,21.96142739180256,2.3069701681201633
66.95148955243504,380.3857773174425,0.3803857773174425,10.914840676250257,47.55298684172453,9.994526114606648,71.02603266874594,29.452488613313825,2.4176997951722194
67.46047873063304,727.4340297091428,0.7274340297091428,27.430736123047524,41.85596822657529,25.117499471289143,62.0451692815648,22.78548420194323,3.0225366136878353
86.29778394351197,502.04138726817905,0.502041387268179,29.469779383547937,52.44692347683624,25.716122204086684,60.77435720848461,25.163134011884296,4.764483250134694
94.85551299762886,706.8667549958286,0.7068667549958286,29.37755710571383,60.75968810790729,43.90536242852015,64.05498867464469,19.677957868753246,4.505277732569246
94.35432121325587,408.05390069194164,0.40805390069194164,24.993036634858495,83.87481450922124,29.59916990845048,88.89345334767522,26.609870672291436,1.4102718503343592
88.99377729288119,636.7980712983722,0.6367980712983722,12.60172480261264,68.06767911571916,22.118024703668436,76.4858860768505,26.593822228141725,2.570922973085665
82.10158230771438,672.8126027861101,0.6728126027861101,25.16526391858045,73.04960768218933,48.95601478297967,88.97466483459661,22.819440714812085,3.2134847589990874
54.206998249752445,336.2764757756988,0.3362764757756988,10.49173832917603,39.5575224699504,9.982426699684204,72.97493634990396,29.640207349188202,3.01252989020616
58.08143570473069,535.6229947357444,0.5356229947357445,10.442471030579945,40.28208002848519,24.01467927403751,69.35448399255779,16.8832532214398,1.7754522717475707
94.92770942635397,394.090273857282,0.394090273857282,16.472204382990824,71.37069196107603,6.891110382713238,75.18425588520732,15.254214973343714,4.435267084672619
80.3214529829795,344.3624793309374,0.3443624793309374,19.772863808093316,58.78353701998716,38.29568543451187,73.1853506589873,26.55237317635644,3.7077631319873494
50.45985258083148,992.9721626729616,0.9929721626729616,25.408148356155863,31.8754588657532,46.31344484896178,63.16994052785232,27.107333060473238,4.351633499407214
55.073577143301605,525.6476914823061,0.5256476914823061,23.665907532130106,43.631925529245585,17.601679829772024,79.22478944070619,16.803108436808643,4.435057117397889
83.1750884554028,866.9121120982444,0.8669121120982444,18.918054127534965,55.295751555235796,43.62537545596044,66.48114547528799,18.98374249437909,3.993423414662959
50.253079192310935,478.24845833463473,0.47824845833463475,15.472533325633318,39.49270828461134,18.1498203707854,78.58763864693488,15.263285450499433,2.7568424049988693
58.04040257087493,777.0519055567505,0.7770519055567505,29.942490003154223,46.1456214889684,45.98465727397618,79.5060327719446,19.39962916170847,3.442187020061698
77.4366894683293,832.1595019227806,0.8321595019227805,18.523626044719457,49.99370408395502,38.92828566185528,64.56074559385944,26.597128108780073,1.6414616244789726
84.59475988463467,716.947118425491,0.716947118425491,19.02774048659351,52.31381302311245,41.220804957864736,61.840488813320036,22.769407915688685,3.6945816698996308
82.59806297513003,630.1033319851108,0.6301033319851108,13.272476423833384,68.90565618147104,5.810295002020452,83.4228475820532,20.22143389752432,1.717013022957123
61.21346547302799,588.288639903088,0.588288639903088,25.89619097499859,45.17187249328287,48.326466068331165,73.79401271307961,20.576089423594954,3.7757983620406272
85.6089610673768,544.2077865800967,0.5442077865800967,23.87364451562977,52.859179271913824,37.700194643164544,61.74491386516428,15.020304385732022,1.9183926430158746
61.862454374840006,950.6704009734781,0.9506704009734781,14.415392255775208,55.58093427139795,18.713799292376,89.84598951509301,19.497007913478537,1.47020520060088
66.26998490796339,881.4335854514104,0.8814335854514104,11.647620912316853,40.9107260163389,42.32275991864811,61.733416829891,24.696881124568957,1.6611379605718297
87.32457025590121,975.5188374665588,0.9755188374665588,23.60998604149426,70.60283795537626,17.66845392867185,80.8510568657566,29.612916657245357,1.007968540876281
82.48164495236074,387.00805643988133,0.38700805643988134,23.090224285622703,73.82962372962545,44.27392278047576,89.51036775790242,27.705912404758493,3.874958471414121
92.4611705247089,811.607232642551,0.8116072326425511,15.465190539964187,62.11116403543324,10.066117568537166,67.17540312647776,15.353924469682937,3.9296041962335164
82.88064461501716,956.8383197747265,0.9568383197747266,29.017271245008207,53.265302580872515,36.66586898573581,64.26748106061588,28.478409070122588,3.059733399653038
78.41543016677358,426.8631463159621,0.4268631463159621,13.021157835618006,49.904793772237404,29.331431449020965,63.64154818267287,26.74797619947939,1.6454512042215348
54.683738391404624,346.54738715674426,0.34654738715674427,18.64669602085204,37.78550868390308,9.344051158794837,69.09825442702785,26.705641853564707,1.334217350042759
68.38579015297168,818.7844545030414,0.8187844545030414,28.872318403351976,43.104503380066284,15.885222271647754,63.0313743303194,21.86993638505357,1.076515865749148
63.26011838408627,702.1311792259384,0.7021311792259384,18.394546338522446,51.09193355538939,5.558181632479165,80.76484025082395,20.970079394317544,1.6629927078608828
62.19948216895418,889.2801437307904,0.8892801437307905,22.77051895328171,38.48204457749138,26.094558445902763,61.86875394390188,19.54373593249789,4.563422139932587
98.65052773762227,397.84066363840265,0.39784066363840265,17.951887959255885,74.26674517753318,18.556936734200015,75.2826638444937,15.985422884315486,1.966147366806727
69.65488623333802,856.6871183019231,0.8566871183019231,15.484304046973401,62.62037352927932,31.926086793399147,89.9009056155893,18.423530452405487,2.4170853088688626
94.60232775885567,441.1391240334212,0.4411391240334212,29.679552959196563,79.86244132184514,18.375701346887773,84.41910808518057,18.69905452467037,1.4213819379253327
81.55693129986315,414.55916000599314,0.41455916000599313,18.18668012630086,63.98678161736198,18.49636001781431,78.45658314693033,22.261156045653024,1.8894452189926811
89.74056517708243,414.98605855169507,0.41498605855169507,27.88198407358269,62.089351011324986,38.44369394292215,69.18760862359835,26.21166609895041,3.0768982831208205
75.1318546552596,870.2023041619675,0.8702023041619675,14.599092117821723,59.14144818084127,7.166427619025905,78.71687508874916,22.1071474259692,3.4310107323826102
78.84519423131795,765.63805448734,0.76563805448734,14.262094080501665,59.773522515812466,45.63027478363943,75.81124391734954,15.86766674170741,1.9814092566648442
74.6258846909432,666.1457973383835,0.6661457973383835,10.622681657690228,54.31458565704484,43.351874347603164,72.78250151671114,29.36684701482306,1.2309286369004688
59.76214938990223,551.1813388864517,0.5511813388864517,23.033336507517703,38.200749552408794,35.05121074518829,63.921311302205986,29.140864786411683,2.5641314765095946
86.12260576307526,914.0403785691758,0.9140403785691757,17.370526874475225,74.58056304695579,31.694970654832293,86.59812645721401,26.777843147226125,1.9368134837053366
64.03861812204279,574.7115751958447,0.5747115751958447,27.28716499679274,47.06424708213341,45.15361241628435,73.49353946463968,29.86991852346331,1.8782156929192078
51.21579832157269,871.6196076301039,0.8716196076301039,19.464198133831143,33.71980318721868,13.33985807879215,65.83867535462296,23.167234992003944,4.839451210853821
82.27361479535838,607.3944359991528,0.6073944359991529,29.363868558294435,58.441236228655775,8.553612298587288,71.03278052631869,29.44152525379809,3.4652019437028962
58.85553397035245,563.8611005974353,0.5638611005974353,13.710510314062423,42.625468697641445,15.777957645929215,72.42389257586781,16.134075609251262,3.2275137726883836
97.02292921764572,623.8758499687244,0.6238758499687245,27.372463359112217,82.30080273053873,40.756022541508564,84.82613686700623,20.48521122392057,2.6631004140932877
97.69642885012937,510.96451191489945,0.5109645119148994,25.531937055834835,80.11930885026224,6.560162002691749,82.00843141684206,18.380719020101488,2.715777333720577
95.74321951102243,823.3265661233758,0.8233265661233757,25.41843689288104,79.54264989745543,31.226307578757034,83.0791468092402,17.93749626201405,3.1636200153523233
68.50793501277222,651.9042730647354,0.6519042730647354,26.895664562337753,41.33147975163928,49.79468822860895,60.33093793285942,17.11204423339014,3.785719228144429
50.77283082644337,462.5488866027721,0.4625488866027721,25.220479818859978,36.80249346006474,43.50632422268927,72.48461994539285,24.336204623489948,3.8085843847273178
96.41592812938626,929.702201292198,0.9297022012921979,22.524406432628307,71.77232981650329,28.465056006961525,74.44032454905971,26.719827836209575,1.6867756308217983
71.40920741586572,568.723854961248,0.568723854961248,12.624897553647752,43.256676032451544,7.863840917898905,60.5757683046917,23.67447599130541,3.000451008306508
98.33274095218349,680.487002779792,0.680487002779792,10.650523589825038,66.6640880567544,42.41180814735694,67.79439626235101,17.204440643823144,2.647832380136408
98.18099885446264,934.5304776751829,0.9345304776751828,28.416956956313737,81.30240358858177,31.954032867974476,82.80869469366405,27.166856549002063,4.482107865077537
92.650472773368,736.9665971397944,0.7369665971397944,22.33300629041476,59.40126738130353,10.171984867680507,64.11329117186997,24.539320607455927,3.5256756848735056
64.72244460347929,381.82862849585484,0.38182862849585486,25.930745819523526,49.22744086067405,9.22357781705103,76.05930394357775,20.822485591904933,3.130016265663927
69.25488643009626,957.8824865294326,0.9578824865294326,19.630447030251002,46.02406621988713,45.93320687464666,66.45605616051714,25.111954433040943,1.4615785687156695
92.55683357584284,739.3956371499926,0.7393956371499926,12.34616377924789,55.870658301963246,35.11401183221353,60.3636232393168,18.898574688642494,3.422551557293646
65.84610025781389,534.4339302599603,0.5344339302599603,12.503715844051008,44.2723127625174,42.317905969254,67.23604372798624,20.177883127413157,1.4688156227209337
58.474637334304624,397.4904508643711,0.3974904508643711,23.711305744579427,52.203941571312214,44.55405051270203,89.2762126473016,28.762287646979853,2.3488263022630083
77.84006312291751,855.8176324892072,0.8558176324892072,18.606117897989254,65.42154768905037,30.729755842174498,84.04611335648967,19.357567585071305,1.5713678592573275
96.80773870803904,734.0509291499595,0.7340509291499595,14.010494534006735,85.95297674095369,28.285085828976857,88.78729932963101,22.049824022369048,3.7682945880974756
84.80148983374865,673.4227643834251,0.6734227643834252,19.83189093482874,63.29211882416156,24.36923346444456,74.63562131779086,28.35211706094022,1.8250084553446104
78.50305850446824,925.7248081356704,0.9257248081356704,11.284178741502682,49.68622327013235,19.26259645060037,63.2920859603251,25.61582025401291,2.567437492752104
54.85882468853843,852.0180478571715,0.8520180478571715,21.639428038287974,41.93341887573173,24.55681823864203,76.43878466921078,15.93304839247054,4.582699110475115
80.75036133495848,406.1724158129258,0.4061724158129258,15.379868088701954,59.45755698541473,39.82458450785704,73.63132003679883,17.209545664184557,1.8172655335958812
99.50269250521316,518.2054474568838,0.5182054474568838,25.951182012743764,84.90635645365955,32.08655439568092,85.33071248218849,15.117623861578751,3.0312202558351165
57.0042007618262,473.942397870126,0.473942397870126,16.207239178471475,35.87985619497465,45.16354804796807,62.94247742352733,24.463826853437453,2.677086644664088
75.91648261818683,820.7624048008739,0.8207624048008739,19.104402981636024,56.66955450857138,24.952100647063446,74.64723411065334,21.715101381156273,1.072496164182919
93.86865359639776,323.4727043150456,0.3234727043150456,10.232410798162013,60.546651996467155,32.31903104234393,64.50145994081953,17.014122763534132,4.171032454291251
87.03843088771022,698.9227794099215,0.6989227794099215,11.448937755891178,60.70084349968325,33.40883988913949,69.7402778067018,29.369011815851557,1.276183625258399
84.8507870497634,833.7210800184833,0.8337210800184833,17.849871128133696,69.68007073577847,31.62637230378465,82.12071232163399,22.9448958591843,2.8970200839078144
85.12420419935546,913.7359457332246,0.9137359457332246,19.59877669434247,63.230721853707905,36.61851978884823,74.280543881063,18.628399411693337,3.2427131797557998
67.97455756098776,539.4572241011352,0.5394572241011353,22.000410962386074,48.44998649913528,15.684506076866283,71.27664855437308,22.509053567320613,3.5137058264583483
64.67959221322467,874.880113270409,0.8748801132704089,15.833251574186065,46.46212477864489,28.05636998956058,71.83428835710106,25.194304991026616,3.7545265172315023
90.46805777392568,377.44221586864506,0.37744221586864507,23.89963772253085,66.75041170081428,9.690116126375646,73.7834030521796,16.143588269603466,2.0130895340908603
90.50566973395904,892.5166042141627,0.8925166042141627,27.20244794378409,75.61793625603862,22.303009744016563,83.55049631511172,19.12055722571838,1.0399151066337975
93.35361592900519,389.2420636323877,0.3892420636323877,25.597019777866997,80.99596898564492,26.9450180879569,86.76254066820704,27.104482363259905,3.893774649419648
95.66202762782356,578.1011033922571,0.5781011033922571,10.792376506967143,84.81399252894123,34.35009167954626,88.66004059511785,21.89497305603992,3.1426263973903144
75.56711994304689,858.1067560456876,0.8581067560456875,19.610138945156578,63.17947873765122,47.77389736637916,83.60710158765885,23.198657130484424,4.344470812828995
75.07581473435998,404.9421991441416,0.40494219914414165,12.098603568363497,52.14931774195121,32.029297994676014,69.46220687244038,21.49224003314204,4.285553451602777
89.91475894833876,460.475976662849,0.460475976662849,14.840900317250549,72.51089523553047,38.46172622794519,80.64404118259627,15.658499139645077,4.373304671151533
82.49819653888827,805.5767978751464,0.8055767978751465,29.73325186534293,60.32935848363893,27.781972677284124,73.12809372166176,17.486246697302338,2.9403786399181606
85.09834386288517,804.025575582252,0.8040255755822521,12.849910858030265,57.56062076772602,33.53468141193491,67.64011866138154,21.683124581128364,2.3345135833474626
89.78963347180505,748.8033430197081,0.7488033430197081,19.97776306902712,76.52424535713644,8.191949726019804,85.22614738277767,18.137781981118916,4.16623281036548
94.50026709087831,785.76391112697,0.78576391112697,22.36311468636238,57.789550326607085,16.447621137883115,61.152790468869746,15.74968542989518,2.8051764521170197
66.89975784257679,679.9071103433173,0.6799071103433173,24.049299410882078,58.23815237719592,21.28338919423124,87.0528597640627,27.654744960777357,1.733768785613738
68.7791476319972,476.25934123486695,0.47625934123486696,21.192973669738283,50.78949657967763,26.262200975293112,73.84432393874204,29.71788793746174,4.419896078245897
54.69909699204345,541.9871954527437,0.5419871954527437,10.195416948383674,43.27576181024891,7.054193547607268,79.11604430424842,26.89714310995109,4.530239507089389
78.9140070498087,427.118401760998,0.42711840176099797,16.529226164879837,62.958082249465065,11.301084389899295,79.78061766617348,27.806773825570005,2.8652390245606805
51.797113689837104,935.9153929335398,0.9359153929335398,20.35423286769423,44.98762282825224,17.45664385060876,86.85353222119609,18.62965695475568,1.3027989092391499
73.27990090662301,708.3742563362844,0.7083742563362844,11.757329982896668,57.964467909813045,48.71897109054728,79.10009046501622,29.409404632697996,2.551304359667725
77.13223173537884,580.5959917345479,0.5805959917345479,17.012538624183616,60.48555930018079,19.910615319637284,78.41800754280186,17.953885566801425,4.214150637850413
64.32706260641422,623.4040625508928,0.6234040625508929,10.66406217582733,39.882496559646356,26.691847615043713,61.999561216820695,29.271447155427484,4.607096114184914
79.54166302845053,963.0983377282707,0.9630983377282707,11.571569943100414,60.095508674913624,13.824397073227683,75.55224065835613,29.922289409489267,1.8138909699903834
51.52501249695247,407.34598218125615,0.40734598218125617,17.93846552403192,33.23624539129736,32.485103198409575,64.50507002451124,25.67584208619073,1.267894448101086
51.86740943746072,710.360882411758,0.710360882411758,12.654315080861206,42.59507942706254,17.630744698218844,82.12301306164457,29.71715597687733,4.509401812531355
91.13002803298292,654.1220752191261,0.6541220752191261,21.35081696523116,68.68165622061997,14.314666029729205,75.36665762438024,23.543096693506556,2.557619755915501
68.00953207056314,728.0179648042536,0.7280179648042535,23.789299382745313,54.684311131945414,28.245768280069058,80.4068333762506,18.893126747641354,3.167043857070253
56.35302563259424,312.67712867458835,0.31267712867458836,26.011733982181656,34.516333590305756,5.247760962218937,61.25018701807152,21.554938284984313,4.872263248203035
76.11216300274022,910.486736260906,0.910486736260906,14.003004884896201,47.60340892562687,5.34488146921514,62.5437604813741,23.903414030681787,1.2662589116568914
88.49967765493054,952.4827977385287,0.9524827977385287,13.349651645181396,72.11812327502885,14.8580964095836,81.48970164188046,16.096223430405225,3.5932720298083822
60.791051374842155,695.5932285124463,0.6955932285124463,12.091356806688005,37.789255596810314,6.652461312536952,62.1625300799602,24.33514896925869,1.2964216902994683
81.14452379095002,787.6555767138245,0.7876555767138246,22.728604990872732,50.421342246993994,9.861158935881111,62.13770183295776,29.717667551434417,2.5018757138660015
54.2673732496884,945.749566824107,0.9457495668241069,24.129514529738024,32.75755249332991,20.248729220243824,60.36325425704662,17.851614746755914,4.2152581807737874
52.58408605843039,795.067044019379,0.795067044019379,10.63172289651284,46.639477188014894,41.116355581091575,88.69504194898441,26.88892674432575,2.7338889310225376
76.5677315784074,406.7773300399829,0.40677733003998295,28.724244924873798,62.881441578211096,30.742188951618537,82.12525078377021,28.618481906694292,4.988729415611802
77.03175608050532,703.4018521167693,0.7034018521167693,11.039425673029449,54.38252654875097,28.07004766803874,70.59754225506192,29.155523892303314,3.2362371397864087
81.87149507491033,724.7005324679992,0.7247005324679993,20.82592670602141,56.40624045982458,18.206997044365473,68.89606743862966,29.402034066081708,2.284648610543814
86.30456668613309,596.8914699116702,0.5968914699116702,24.18121038901833,60.83703572526689,46.92891737447674,70.49109689237548,22.82189458082208,1.8804453036190125
98.79260397312673,815.510964937306,0.815510964937306,27.41938247492171,82.23457424058604,22.865676855673627,83.23960593543546,29.659618619872553,2.4020821371446472
75.81501741505977,954.0569103383104,0.9540569103383104,24.281738642648556,60.531557767869515,8.919174505809718,79.84111833211243,26.359653107016584,2.4901330950382032
66.1478236470623,947.8979590347434,0.9478979590347434,26.034561661395838,43.36377931729183,32.767993225301055,65.55586703602404,17.425071543554427,1.274854710895844
89.75930973843518,615.5875599828925,0.6155875599828925,16.78900385085612,58.543965970642645,10.122727706447064,65.22328006002253,22.15350159701955,2.4782967977070927
63.54161256310371,379.2666320885287,0.3792666320885287,26.296502274930244,40.00063301345729,20.535041426076145,62.951869491401915,25.774967630580058,2.8569540789568997
71.9485710352818,989.3888392736342,0.9893888392736342,11.602296927693503,57.42149376113553,27.8335372423014,79.80908159104014,18.71010473728625,3.8909510089552186
53.922819067113295,887.2286605121539,0.8872286605121539,27.896333121210553,44.71883006971709,44.34001361083291,82.93117986665209,24.609227753233313,3.626917938886432
51.267537170772876,387.2638768422868,0.3872638768422868,20.951847523074726,34.837005587303544,27.20959611530534,67.9513928497501,24.999007185699288,3.835062620916617
98.13242073389625,944.5893178321606,0.9445893178321606,26.345955399249874,59.49606635877993,36.60164447142489,60.62834883092738,17.44049615712849,1.0334547275074284
91.79900602561028,908.9274534434898,0.9089274534434898,19.046365690366002,57.342386834707064,49.67675775495817,62.46515002429282,23.476279686791344,1.8706695983221442
84.7987103046849,663.1866399882505,0.6631866399882504,22.871553903930497,75.50121099590274,10.917010395409173,89.03580104535092,26.574403664679117,3.646737153599426
70.44764722071349,713.8928050214505,0.7138928050214505,20.528053218722263,48.51260516950754,17.36291864837838,68.8633433243226,22.483434968039127,2.9359574727189885
58.66471600354229,579.3018927090911,0.5793018927090912,24.631790435106637,48.73670685550785,22.755923401894087,83.07669443514399,15.181546751641612,1.0212539026733838
57.8218521335543,338.3331471754219,0.3383331471754219,11.632599640611792,45.52887263358545,23.98226803424741,78.73990706562792,15.135577036189382,4.21797856972729
62.512144908229764,534.6380691521306,0.5346380691521306,11.207041679811276,44.670046774991526,23.49594838694956,71.45818918958688,20.355440159550184,4.09123829316135
77.46133323530603,861.997414018608,0.861997414018608,14.942064680202929,51.256642808939915,45.84249511504497,66.17061786586666,28.89291102647673,3.1936766519742505
85.72979613500311,303.242416103222,0.303242416103222,13.190893602263767,54.55980754571111,37.13146900100854,63.641592544782185,18.430151694054132,1.2658533031050885
83.00986883588656,533.449420183801,0.5334494201838009,27.435671331844034,65.12156504431462,32.35573463408167,78.450389041166,24.51545533307531,4.066060198130339
63.99669484729714,578.7180855136603,0.5787180855136603,14.384279747160885,53.27021741174368,18.921772303825193,83.23901341913364,18.33113806039981,3.334854350925456
97.7432640331597,676.176922056546,0.676176922056546,29.517305116382627,77.52714945967942,42.07056728995826,79.31712760623391,19.82504984489323,4.127839908631836
86.89484583478843,943.8989314889324,0.9438989314889323,16.737915835422136,65.96106413523657,47.977723016824505,75.90906399747475,27.72063134402226,4.006987969583362
77.71770262557004,542.4421960561729,0.5424421960561728,13.642358313773986,47.60872738757365,41.953922714760196,61.25853670294909,25.9329216340492,4.212008287831349
80.5860373117176,542.8672413273594,0.5428672413273593,25.79397014284958,71.7656242171908,5.0704297336162805,89.05466332783152,16.43098915969816,3.0720322656184993
70.9800031213895,816.2508736768239,0.8162508736768238,23.17415551001752,59.595822617855646,33.63806165825332,83.96142574963724,21.430530314796506,1.56129807277406
62.386549475057876,616.552558622865,0.6165525586228651,19.96391432906278,42.91237662904431,7.301092164894532,68.78466110102895,15.437546454678968,3.6846298935187547
67.79863393256308,457.22337605798737,0.45722337605798735,21.107271018752627,60.61137524703004,16.592324915017485,89.39910988076551,22.213352199045133,3.4818951402078824
87.89230552321845,616.7076612928854,0.6167076612928855,24.384035565445277,68.60561148346588,7.678611515649726,78.05644768908967,24.93651017551602,3.9690127487963487
50.719674431487796,398.59991426585987,0.3985999142658599,14.569094826625975,39.293890940630654,32.170795382722446,77.47267974621741,16.777539353972273,1.6795240242029412
55.80363202534581,423.4708905543563,0.42347089055435627,29.926678321134837,46.00573934508232,35.89654610716731,82.44219538288597,19.333274083637484,1.7799007996011569
52.30013210108764,648.8574409176358,0.6488574409176359,29.495863242935663,44.11677940648842,10.15194371296573,84.35309364270412,20.967549382532354,4.561638068877314
52.03644011594851,593.2478146531835,0.5932478146531834,23.00651372693874,41.47010699091121,22.27274973702408,79.69435821994509,28.792965369840747,3.999911193808283
92.77302920055035,940.3921307476701,0.94039213074767,13.990849018582903,59.228966645759535,25.53064290299939,63.842872390985995,29.89882523134446,4.632913954801292
85.18289296900119,553.6757293816431,0.5536757293816431,23.604564848625827,59.75411720880681,21.607385979241247,70.14802517983495,15.673669484934237,4.034861284655683
73.70869145436626,706.4118451946304,0.7064118451946304,11.443968179583518,64.7475640792111,10.446125021833687,87.84250920978148,26.41511885243088,3.3886212239612075
54.89170803255007,742.5850015436713,0.7425850015436712,10.613050044116122,36.63388519499564,23.852650558436395,66.73846835531558,20.575860996035146,3.6165309481114947
74.58079375584163,309.16611961183355,0.30916611961183355,15.153657770224275,53.07542986777027,38.803012151378816,71.1650107151254,20.8868727934422,4.55651169576004
73.67358853902829,764.4761604116975,0.7644761604116975,19.252459134786328,53.75394947079395,8.195344903996496,72.96230648832588,26.31397460020534,3.315227018047762
58.66009349550076,424.625176808826,0.424625176808826,27.36545010816761,42.92871743066029,8.608100633685655,73.18214969083357,28.776396482181127,3.5295652973135496
71.69258246189865,972.7492222286186,0.9727492222286186,24.54338139532616,56.198515945784344,20.96470813261929,78.38818747483577,29.263928917538227,1.6259068640144023
69.92523671986868,404.06390942717906,0.40406390942717907,24.85413042399962,61.738582391647356,47.37765702285163,88.29227513234123,23.65683879057481,2.895684880464411
80.79250490261083,590.2368866089166,0.5902368866089166,18.50986668896151,54.3093530717916,35.08576910253113,67.22078135497514,20.35681738950754,3.865588447832396
81.75468254338219,359.7447676550507,0.3597447676550507,16.91869985093926,52.03280146044898,35.540148050265415,63.64504128902754,26.813236287881686,2.0837707932654617
52.265200488602225,997.8119762921632,0.9978119762921632,17.420775259692054,34.45537071609497,21.286399587703922,65.92411469579812,18.765020748934504,1.8090167220981397
68.73063073132356,651.5365072318698,0.6515365072318698,29.752991274721158,59.52605077960393,31.71473560438423,86.60774700627809,23.461110432502764,2.255307232897662
81.29299578571182,716.7695121240306,0.7167695121240306,10.80218382824965,64.52576617289112,5.455903281248452,79.37432437965617,20.378676922873098,1.9660025119713338
75.15681292900439,346.95353417189926,0.3469535341718993,27.340629922448972,51.540440679596585,33.624322088429395,68.57720367717481,24.84946610561814,1.8596505481455834
92.82449205941612,824.9723292794245,0.8249723292794244,21.57350817144787,78.41665328280885,46.09791264093065,84.47840816905851,18.605983693402603,2.6994033714723478
82.93468158094726,446.93391516691,0.44693391516691,18.77230838379181,71.19204286010333,32.56580607551686,85.84109989090307,17.873894186022387,4.631354055534136
58.14672135407149,928.6380026084996,0.9286380026084996,24.50515320830273,49.6546428246578,44.316436705985524,85.39543016070834,28.773586300131555,3.028238586954873
53.52843737002149,443.59774833740505,0.44359774833740506,19.733378828494057,46.87367284308565,37.57878749597422,87.56779600918664,16.527055244243055,1.7516815232612921
82.12096391031578,433.4814044645666,0.4334814044645666,27.46846476163321,55.48686106049682,10.425128738166062,67.56723060520085,22.589368616023975,1.3078866775234963
51.32556552708109,325.5847674936664,0.3255847674936664,28.01403728022517,42.421225513116894,45.61039882786288,82.65125786238835,18.312791744445136,3.784624580551701
79.28877906367316,630.4468615769995,0.6304468615769995,18.434418537469107,58.52795177304322,7.98997299600987,73.81618491822421,15.583949449885012,2.5311950577455513
97.01151207124788,695.3887932838315,0.6953887932838315,15.536555944701032,82.71197307604896,29.02853626464937,85.25995658670185,15.540282274371396,4.287323786341437
78.77370889379395,345.99604759984663,0.34599604759984665,21.847006571867244,64.4799990966479,11.396170570705594,81.85472031484841,17.62832658158741,3.6380430745630807
69.4084963103261,842.8693316865074,0.8428693316865074,28.24726691233382,57.81271270385714,5.526797482890683,83.29342339499173,28.001555317590004,4.184965802165474
82.16441092211767,617.3021843236193,0.6173021843236193,14.21324378011333,65.47259181206243,23.991541705743757,79.68485513043215,19.2371811596554,2.087784157673795
72.91264452457582,667.073188529306,0.667073188529306,22.459331671269656,47.62862695377879,18.27683184443703,65.32286308409121,29.256887558629437,3.7694356898442325
77.28083946579675,608.5339228567598,0.6085339228567598,22.63120440185041,59.004545026621685,26.870022220892135,76.35080756690814,23.724334394837904,2.056247938774875
97.07324043882626,580.5341426127281,0.5805341426127282,24.66226044830562,86.91946897660546,30.973994903054788,89.54009218573525,21.54921284653149,4.756273917801167
69.30513189003871,691.7482319157525,0.6917482319157525,12.631353702545196,61.07282020824259,6.968258253902631,88.12164199491357,23.701332520041817,3.5454971261334975
98.05952819119571,408.66817215149877,0.40866817215149875,24.31649929364177,60.10579576346931,10.535148280568553,61.29521207391034,22.750475778394016,2.2980472007013684
95.26753209780318,427.3496913466898,0.42734969134668976,28.18065041331282,61.87096948299121,30.13890784026914,64.94444447188312,26.381643806359875,2.0780474491690906
59.78955673946482,903.2499347094621,0.9032499347094621,13.59366217740484,38.23653553608339,20.442530892769618,63.95186320363686,19.237440989592784,1.763706340286574
53.46806504375827,962.2808234935429,0.9622808234935429,14.750866498477553,43.72586134052163,37.81280693972516,81.77939729955887,20.295755874004534,3.778563835574911
55.038900068871335,561.3165213958271,0.5613165213958271,29.427901880832792,46.52634155565842,34.35312418663729,84.53355989570835,28.41141453799876,1.8748624519917092
50.91109128257749,489.5212712004876,0.4895212712004876,13.619539054189795,33.80768376757963,43.052196334545805,66.40534098932017,29.196847697256082,3.3812130637099562
54.72214803779642,750.799680267311,0.750799680267311,27.087701867391583,41.13769260738624,36.16217720011514,75.17558078855487,28.388373412297117,2.0585401077014294
84.15033867081785,586.1139197686675,0.5861139197686676,19.845557128960696,71.71383656110807,24.346898482556664,85.221090840336,21.291719909359703,3.6478757791754743
53.55943242301145,317.7704489622414,0.3177704489622414,14.944621488063541,43.91018989872279,35.28349800774946,81.98404634298751,26.705482545103223,4.259758914162157
65.94878151468806,409.30681815633324,0.40930681815633324,27.414998025450227,50.29723380704792,17.392152841493832,76.26711616475545,22.14503599951648,4.112100972578613
92.24376554847274,801.1805601931783,0.8011805601931783,18.90610510005331,71.68302751431207,18.784107445019572,77.7104307137632,22.463097782191532,4.043405323723126
51.163596786791295,761.2467593371059,0.761246759337106,20.296347078593804,38.50102428549595,40.5043321964357,75.2508164074884,18.07020163585926,1.7508896227690083
90.72342412944678,318.96719475243844,0.31896719475243845,17.18466738799531,62.532438782085286,25.0888782380712,68.92645353956462,23.866954548877747,1.3535397879380748
64.09273873867,455.3805133530646,0.4553805133530646,21.85901702869855,49.31978533417667,40.927115323325864,76.95065978577048,17.79203846630022,3.7957953139495424
55.90824138108281,461.75235761165,0.46175235761165,13.270477451700454,45.09925455391867,42.00900681507253,80.66655906150272,19.973470486007905,2.4733888551774053
84.83685826820754,770.3249205191098,0.7703249205191098,17.821630733035214,73.12910669150284,43.59030519475777,86.19968747582422,27.825453024299026,2.729384905613389
81.4471423389942,313.7973764280549,0.31379737642805494,29.38824644670575,64.41551914638227,46.24858561285433,79.08874061937745,18.10613713816283,1.1245963711735643
93.87360067635265,372.8760073892017,0.3728760073892017,15.16266865402255,77.75892617617994,24.39433492309833,82.83364611129474,16.06737427760149,2.0383057971001968
86.75355219019428,859.9412597612326,0.8599412597612326,23.134733290825842,56.21816619527696,19.349006824451248,64.80214904863719,16.035113889192246,1.134705615497856
90.17404651924244,424.9812634380335,0.4249812634380335,16.503801284493896,66.59057946243571,31.198943596735123,73.84672423259369,29.11176780754662,4.51674309040499
64.10172862856533,756.9222754963123,0.7569222754963123,25.46946251373201,38.64048906568557,21.702759054693242,60.279948594812794,22.60380656942752,1.973586732874122
58.87197718898614,466.7279467327086,0.46672794673270857,12.617473214366996,39.67992805892828,32.04833750601048,67.4003659356487,21.141181077255276,3.229348678292032
87.53073758204292,369.60897493154164,0.36960897493154166,29.396420901570895,71.59476147391292,36.75136381897211,81.79385145339015,27.163178715118775,1.1559172826445216
90.3417369633632,470.2205336996178,0.4702205336996178,19.075790827672783,81.08559230075299,35.97822583214616,89.7542985404809,27.53738891865774,3.6673895652226323
99.52525710003366,805.5868522989614,0.8055868522989614,14.72100926692928,62.676372018053314,21.85487991590546,62.97534298761648,19.98286549673407,2.2921093830163755
70.63088384557133,898.9875276744,0.8989875276743999,11.469934946600253,50.88589982381953,12.508709076443877,72.04482947583864,25.404270862106927,4.591676747830663
68.60090428963916,881.1539051968941,0.8811539051968942,13.395158101750814,57.62622015837847,24.37382023079934,84.00212906097478,26.5668422377783,4.552472755736144
88.82064803709984,578.0284707329183,0.5780284707329183,20.395478971120355,58.72916200937982,11.416736483685893,66.12106903886696,24.819760302989316,2.301162473446991
67.0401770126509,767.6595955994524,0.7676595955994524,16.740063528625726,51.38800418507563,45.054366583271374,76.6525484790686,17.27392612200149,4.603843582761872
96.53786628017824,443.48900679107464,0.44348900679107467,26.57766731765219,79.15346139309185,20.564485733203583,81.99213888089024,28.138246252755856,4.984630693995115
92.9206375921506,505.20341118270926,0.5052034111827093,18.617750473236118,72.9237107909895,11.95068862504957,78.47956350780537,23.086418291040133,4.301662656495792
71.44970136875092,927.4350729647838,0.9274350729647838,14.974285451752598,46.90011416271359,6.14514919575879,65.64074203846249,19.237086395550055,4.379485391020916
87.54355338957487,309.1013464575152,0.3091013464575152,22.342899732080603,61.859620422516244,34.06200738289179,70.66153706057219,21.37842278156541,1.9960349444363596
87.72714370423412,359.85597159812767,0.35985597159812766,24.135544337708914,73.26423057606505,33.66060428546345,83.51375353456193,15.56356635598361,3.3068095954310253
55.15619344179663,445.5203786022191,0.4455203786022191,13.340838158018997,42.26442351228942,20.327187496158125,76.62679542396049,16.918002018336264,1.2690236558694714
95.12764533397834,318.5725427116738,0.3185725427116738,13.352384325766353,57.225831447090194,8.227034998144296,60.15688840628738,26.48320125773791,1.3796717472866789
75.26261862239286,427.0048045628581,0.4270048045628581,10.733428538670859,62.33981837758352,23.43330027028544,82.82972280084282,15.000174521330493,4.995570448133162
91.32287330538708,708.1290926787844,0.7081290926787844,24.72804030131281,55.761144301266945,19.004787277852714,61.05934064820717,21.248487427234384,2.3065569977036438
66.00248005153058,594.9971854147486,0.5949971854147487,23.276090552436102,54.36757176645953,35.470428788075424,82.37201348193696,22.837652716283827,3.9927356481953855
94.77616142481003,924.8701977538824,0.9248701977538824,19.492617514996276,62.62279593156797,32.26006622537106,66.07441680495712,15.819516300014584,4.226660212107266
69.46008393670816,872.2104932169086,0.8722104932169086,26.883408979383944,61.640409666012765,21.4067177688893,88.74220440358141,29.596172444584994,4.432093084028917
50.54188257401492,539.2721461885131,0.5392721461885132,26.113403059001065,35.90405501836039,14.805164941474555,71.03822253906253,18.39187996874508,4.990513189608626
95.26909882096318,481.59640340190475,0.48159640340190474,21.707087287935042,66.5054034319608,49.461618477001636,69.80794849014235,19.562980794544213,1.9659859410274714
54.56433383930668,565.7846857170869,0.5657846857170868,27.365425610265174,35.17579348849091,25.430072953825167,64.46664150997334,19.559137683825412,1.1614033074387988
65.96568187952074,713.2064597603654,0.7132064597603655,14.116824200735365,45.62722626573285,35.97234061011066,69.16812646470645,18.456249931760247,2.644766071978344
97.50309835254025,487.6445485760134,0.4876445485760134,12.238392387954558,84.14470864693345,11.324883541026235,86.29952285484602,15.022107331294672,1.5203226793157878
97.5303573468778,736.9042354943938,0.7369042354943938,15.394992230339792,87.67006760385176,26.851536484672902,89.89003012881743,25.940171911319943,1.0897035566482205
78.67189440616431,586.5881565338683,0.5865881565338683,11.141737121786297,55.895819191544206,6.239152394125947,71.04928591520545,29.50268249698928,2.4417073085659444
81.59186060848997,686.4330265963862,0.6864330265963862,20.62339056002064,59.936009185592916,27.745480305970247,73.45831892863627,18.364402249275678,4.134953004300946
72.42227609891599,605.2885703947217,0.6052885703947216,28.732113845899228,59.141571914206175,48.38078332029661,81.66212814608211,24.945707877051337,3.2647227649002835
64.66053858490322,506.12603167934236,0.5061260316793423,10.786870813370193,55.98689208790404,22.28930208436101,86.58587341395223,26.12844490438073,2.251111956841416
66.4332272684958,963.9173148735097,0.9639173148735096,12.442198280200536,51.6792910710948,6.754820565871022,77.79133002560353,27.72638068635787,3.617368021970879
83.62592280385192,834.5240559118325,0.8345240559118325,19.043980565668704,59.998063025774165,6.393010591370459,71.74577094533487,21.339437955204136,1.9280727212352429
87.618726471884,398.0792230365168,0.39807922303651677,28.6775003505581,63.41725594602264,22.45940419760913,72.37865522545871,19.543963584606438,1.05752578428834
89.57895218629243,907.9275831285389,0.9079275831285389,16.32312209953501,72.44119471726191,12.201122140843733,80.8685443949042,19.879427010345466,4.0574135457457094
89.48090713972769,641.2018387746596,0.6412018387746595,20.144696173767848,53.774936227854305,6.050844334768366,60.096547908128365,25.689319996477693,3.4949723394560364
54.560305152434516,926.186558825864,0.9261865588258641,10.831457181007842,42.8776780877618,39.029612627757956,78.58768012379522,27.25169199758454,4.0492104980038395
74.72101523512907,859.8986791631206,0.8598986791631206,12.966864019241777,52.801448735828615,25.63353539968508,70.66479031324072,17.724209516349042,1.1557520667506624
52.877938000832216,597.6494531284634,0.5976494531284634,29.73260245917694,44.325417973608154,18.016014738769453,83.82591993831254,20.564115122366477,4.348478511322609
77.47644411618677,315.7285158240822,0.3157285158240822,29.30237392872091,48.647241702587664,45.50374323574163,62.78971919469396,28.52910295123725,3.4781048001452133
72.07652506866884,488.0741515694623,0.48807415156946227,10.098799618688192,55.96458767294736,10.226253209023653,77.64606800845172,27.10040279542109,3.2535814028505605
94.38520913791498,679.1439502626068,0.6791439502626069,29.03623570846478,70.25014352321973,48.01634730298937,74.42918669658371,29.772876041437137,3.4984561924581263
67.54575062760394,743.4347538783031,0.7434347538783032,22.78239875631001,53.54335831492407,19.12850228198088,79.26976577715682,26.313723895231213,4.457732987473456
55.853350821380296,480.5213798032416,0.4805213798032416,27.358365890400442,34.598697662233604,44.97816525389066,61.945607834489046,20.897928015418834,3.3477460262356282
57.149584102641796,397.5492518509769,0.3975492518509769,19.09479711267718,44.23350013292289,32.132429441575766,77.39951362284394,23.859567509919565,3.3238015195527173
88.07553158587362,884.4511657595094,0.8844511657595094,20.311920571585006,67.68123502006725,42.20183118836694,76.84453763878571,24.915213813709805,4.962716628263063
80.91090316581305,989.0815264924864,0.9890815264924865,19.776931605138405,62.155596281960555,49.28059234447089,76.81980283248512,16.17683724475686,4.026920668274272
55.05613380613951,667.98312761188,0.6679831276118801,23.337285150922085,43.00138960043051,17.978244701843558,78.10462999789365,23.167454386557978,2.769175221804541
54.20534030574987,420.17550009381245,0.42017550009381244,12.793025095126257,43.523656606435004,48.251096843341685,80.29403811679087,25.639812427089144,3.829588000131711
85.048456572956,490.6151285635583,0.4906151285635583,10.599471797453559,71.56799553809077,22.526685270608915,84.14966999042309,17.509819560015906,2.556921886767154
53.638150318209675,312.8734735832267,0.3128734735832267,16.158598831823817,36.524695494487226,22.348035713161504,68.09462160384643,26.70947576138336,1.915501849933996
91.09300296451781,940.0091645923493,0.9400091645923493,24.093615254732935,77.2026702889325,20.317419691452756,84.75148230540185,23.756591707711674,3.3874075075510377
85.31211135782482,382.4257580230988,0.3824257580230988,14.037069042458967,63.93944008967351,29.363342330641334,74.9476704679036,29.28332678546392,4.712728392455806
54.06743903209499,703.5615328599774,0.7035615328599775,23.468648666498346,33.69036656196107,11.936526943031918,62.31174837402993,15.636334473103375,4.716558080061851
54.241885704259595,491.8386544810442,0.4918386544810442,29.39824092214541,33.497905266134794,29.917016841110502,61.75652787731938,18.979892063332006,2.3676211124219613
99.33197892505876,687.9246017610553,0.6879246017610553,11.878014315788368,69.5593534436345,29.37671655845018,70.02714956088182,24.02330818949736,3.11070986488678
68.71353978780601,755.994271846305,0.755994271846305,23.452042364502525,57.408038772506856,39.28558156721915,83.54690931334403,19.44839868308896,1.8465435942794448
68.53210735334454,880.8192625950411,0.8808192625950411,18.875004386091423,55.668924149480624,42.51424828719135,81.23042804222747,25.716362461068634,4.982524437995534
90.63997836287513,444.4948902324222,0.4444948902324222,27.362845087550106,75.82800001808901,24.819860764059083,83.65844894017219,26.385079237828965,4.924471631471743
97.36242886919294,307.69708006093634,0.3076970800609363,13.542995788947717,73.52622883572498,18.60499622081722,75.51807169324827,16.537739460997116,3.5980357188297893
99.30005319114355,395.8199410481651,0.3958199410481651,23.85251904452329,72.69356708818663,16.67007037926925,73.20596993866472,22.707816963101514,4.2176562387098935
87.66890926294708,930.0130492936736,0.9300130492936736,26.762305792962206,56.47944621308989,13.758072651719237,64.42357580118852,22.63335833386584,3.8604006451348
68.81297927654579,911.7230542937607,0.9117230542937607,28.892284389480466,48.06296391177649,7.59414119895612,69.84578260827935,20.539211553233116,3.3726328761578728
54.17503583493344,718.1891715192157,0.7181891715192157,23.664960565792917,39.5589259156175,20.4101590475621,73.02058098521626,28.99387293854508,1.2133919879555908
88.85734579637185,720.3618023035574,0.7203618023035574,19.94349528016855,55.676247183147765,17.161146145885247,62.65801289038851,27.41259479809832,2.8190573702106443
77.92021248679025,765.5256721823789,0.7655256721823789,22.356944804024277,51.909166561789135,48.48878236398833,66.61835858133634,25.45814072864455,3.699145208669642
71.21110046234881,422.7598950364147,0.4227598950364147,27.378099689574363,55.5067447318166,30.096897181251975,77.94675882191217,25.714899536024966,3.7101264555347386
95.3177192547368,940.0883621474718,0.9400883621474718,21.412194932776593,78.22715060957702,20.62746675637284,82.0698934271757,21.925742157196787,2.4924904736895344
55.559874115307565,593.1393674244512,0.5931393674244512,10.607741193936738,49.97634308608141,31.12104204471632,89.9504253417885,28.814917816448638,4.766767946632122
74.63125521454296,568.1969697746482,0.5681969697746482,28.618973910139555,65.67057888140381,11.263851560556297,87.99339994030674,25.41893140879928,1.669428128947124
50.567682238370956,663.2423936979862,0.6632423936979862,23.790535020631225,40.088519191281875,24.981968714099132,79.27695598605575,25.93471592483725,3.0014377848622424
73.43303209970631,332.8761767425385,0.3328761767425385,23.53026771554493,53.3398758056685,33.18054446394787,72.63744159882216,27.92536355681018,3.763535906203291
52.815163784091865,416.3983581292556,0.4163983581292556,14.313503047954343,41.769041784294295,27.000402430660312,79.08532094124698,19.111073840132864,3.788543223567237
55.9408958134036,816.6235314984593,0.8166235314984593,23.177709404653143,46.74955408183962,23.080046029444592,83.56954854240695,27.106063558000542,3.5945558270752622
55.87631233885524,357.9590675475885,0.3579590675475885,17.877288113083168,35.509444392820825,49.723177500486415,63.55008572770162,17.928609044347382,2.1011528538074407
82.46051510580318,722.2064766264717,0.7222064766264717,23.02465954082984,59.61659956810492,44.614164296701716,72.29714669088865,20.180129283673317,1.6248262747464879
87.30224396327117,471.7443767769247,0.4717443767769247,12.131860606159815,74.37633358440472,33.05326811717481,85.19406856906852,20.03415681404764,3.5437613073068435
79.16843825485799,572.5069298293836,0.5725069298293836,23.156906092060723,56.617299559502115,30.621981253202726,71.51498855799132,29.677882025837107,3.397208464557751
98.10862742372709,502.0856157394899,0.50208561573949,29.98827451541333,75.69685753177285,32.92972159210628,77.1561681368156,27.848058356218903,1.717424041156964
68.7435289761852,548.9709015254643,0.5489709015254643,10.96424077721112,53.36771941263444,14.059044852009496,77.63308082586595,25.517547923853897,3.8205565822822534
64.28560431409304,803.3321336289719,0.8033321336289718,29.543483684426345,42.1291128127445,22.781198446894336,65.53428759400917,25.905851424230853,2.8206879669346256
93.42995640947302,507.98520093622255,0.5079852009362226,18.13815921445741,66.21106630274566,6.775678980090469,70.86706324956864,23.431091916038568,3.6710423664126117
61.17979192597263,696.483248207828,0.6964832482078279,27.415069006745185,42.84747446821969,26.3995716869072,70.03533866225796,29.206360006627786,4.349468319080603
98.16112697203056,633.2352815393698,0.6332352815393698,25.64770968116547,59.66812571295792,29.436106278094844,60.78590125596194,22.44388129323542,1.6789137143076927
50.60772373449082,764.5698157538536,0.7645698157538536,21.340325219733355,30.731921271793613,15.248738124644431,60.72575291674066,20.70776564804842,1.0765794719873467
98.49394133538195,955.7808175273306,0.9557808175273306,24.768984185026532,83.67150074981284,48.381298122448115,84.9509113102732,17.445530053973865,4.116410345583147
52.1579955975288,812.8004680471752,0.8128004680471752,27.57031122602696,35.56764518982995,45.92545749217589,68.19212429918437,26.79308478391587,3.4387897006104637
94.55715568490356,450.45826501352974,0.45045826501352976,18.082806433020657,71.43070977782806,37.496445595515766,75.54236298716445,26.016658981133872,3.798558278488487
76.385055454315,321.82819454289927,0.3218281945428993,16.540663231264773,52.67648412384914,29.002398294441317,68.9617672076632,20.765325577862022,4.35261989995457
99.64823980596502,483.5848310098776,0.4835848310098776,23.351867711271694,87.9100531829033,44.148612184145826,88.22037735346022,15.37790120938844,4.211243739298002
53.68982823676994,716.5545514901784,0.7165545514901783,26.15691883882517,36.39037647581833,10.879355472055831,67.77890276597321,27.584959915770163,4.843680587715299
77.69271422006604,335.9980694389752,0.3359980694389752,25.245702695532316,56.629989721488776,40.57294074236982,72.88970438216805,15.171269751811105,3.143740315408473
98.46512678095495,647.4563730408654,0.6474563730408655,25.956272977172688,84.85912449643524,10.616936628508174,86.18190751453805,25.555496694435764,2.9539825306396215
76.15489220850745,717.7899942418225,0.7177899942418224,18.71166629625866,64.92814333283079,40.739479814723246,85.25800700375426,29.553856645890853,2.6075487995629203
81.46993190676312,533.9707235718726,0.5339707235718726,26.35668432350043,53.43046009596436,17.409540571311062,65.58304253538832,21.56491992222305,1.6147641713768182
84.78743444923086,839.6385426220753,0.8396385426220753,12.40418110741217,71.28868077416377,44.469076145818505,84.07929929387132,18.52460107493929,3.2904289315280897
72.72705323838866,374.61877719364026,0.37461877719364023,20.88978195921699,53.633006574508684,47.481894222142905,73.74560660213677,25.573065150650727,2.108050097303915
81.37790400420317,352.5964472150661,0.3525964472150661,10.115173209962432,60.617640755396,11.695818623230203,74.48906616256066,27.256922130233775,4.685230048851902
79.21571559615501,809.7321293425223,0.8097321293425223,16.491716598005404,50.70154281749821,25.820402227942708,64.00439917247832,23.19645474116771,3.3327632171083903
95.05790052454944,646.8439213443389,0.6468439213443389,17.32923069742796,59.333283517785524,49.14443201732083,62.41804541271374,29.50552912884219,3.3713607220324406
52.272319017072896,781.8816774994152,0.7818816774994152,17.923453832185107,42.77871411400362,26.753334618791598,81.83817920921295,15.775030824869416,2.41969864350804
64.04815947961151,604.3791370226223,0.6043791370226224,23.909344133797244,47.96812260621209,43.85963851315453,74.893834570659,22.571933974567923,1.20795740791083
97.52057420382793,472.4814232673748,0.4724814232673748,17.771162025406916,71.29292393041015,31.492918495909393,73.10552107845538,25.77680920983825,1.1269750614919545
94.51318919454582,873.3716223719398,0.8733716223719398,18.973872452450614,77.39235828680808,21.889845856382085,81.88524685957191,27.939607067237684,2.69334057661279
72.78283763928565,859.5911152782854,0.8595911152782855,14.75088261748655,60.38456289498603,17.86025999866416,82.96538696973329,17.68883417861685,1.3382615123889514
81.00662989007684,786.2875295980987,0.7862875295980987,17.4650358325868,52.46576247151658,14.145039098873927,64.7672450300806,27.00005222645522,3.4273878221605565
63.86905914905663,490.5015960609739,0.4905015960609739,14.545392545263029,50.0137873393028,39.28091861199638,78.30675448432925,23.290606135778177,4.52389202255863
59.40605798618807,713.161466808361,0.713161466808361,11.463918475368873,38.05589052984948,22.394322807036254,64.06062246833056,20.94830522984945,4.531659266074889
73.18492024699911,552.6817278580188,0.5526817278580188,22.06897186762756,60.40774987218481,28.0073957990338,82.54125258087137,16.975725428686403,3.6361816405289296
67.66761140130264,364.1074513286439,0.3641074513286439,23.364255971100327,53.93694270749163,27.154646600053187,79.70865468801418,27.979436383633686,1.844927325891724
79.1828055925436,942.11950282357,0.9421195028235699,22.389806920192292,70.23391222599703,30.977556315490904,88.69843863250375,17.35909812269573,4.451987325435488
53.88673184824924,395.773041643273,0.39577304164327304,19.26988087601145,33.44681574980524,43.95097155310485,62.06874049069263,19.64681788813649,4.544373741252833
98.71974038330833,965.1661476745617,0.9651661476745617,17.595715603584594,60.921572407893166,49.13327046125432,61.71164163453763,19.350682979436552,1.7866143398118348
99.31053722398013,612.204041070569,0.612204041070569,27.266672991436504,67.99356733002162,23.341289385821764,68.465612240796,28.071210512862812,3.949704343082709
